time,flux,flux_err,quality
1325.346851849919,33128.861416805354,5.187700454446828,0
1325.367685183883,33124.07494312881,5.190094751297494,0
1325.4093518515344,33131.66291894674,5.193808690748256,0
1325.6176851637445,33121.962627133245,5.209267957911446,0
1325.6593518172115,33124.11277473429,5.210300335112296,0
1325.7218517904337,32831.638071559,5.19214239275955,0
1325.763518434664,32810.091308734154,5.1940533596458955,0
1325.8260183947675,32815.21220853453,5.200224627918121,0
1325.846851713347,32833.47316028306,5.202957038917766,0
1325.8676850313086,32982.58402434955,5.213499926178638,0
1325.8885183487273,33125.8439903721,5.222750142921865,0
1325.9301849822511,33132.08431408411,5.222772507097585,0
1325.9510182985202,33121.76661795102,5.221774715188851,0
1325.9926849304838,33131.11213438249,5.224004798205839,0
1326.0135182463368,33132.188685467794,5.22602492933563,0
1326.0343515622044,33122.376228608824,5.227052905079153,0
1326.0551848781543,33120.946202652354,5.2277392372759195,0
1326.0760181942487,33121.75817762318,5.228474951362508,0
1326.096851510541,33121.01649647142,5.22926012195675,0
1326.1176848270743,33117.53420022329,5.229664324038634,0
1326.1385181438875,33107.70942734386,5.229747641314196,0
1326.1593514610045,33117.073414595165,5.230994808474021,0
1326.1801847784407,33118.65911811722,5.231102727653684,0
1326.2218514142764,33105.83128974553,5.230811617085365,0
1326.2635180512984,33104.06394188212,5.231085993703693,0
1326.2843513701807,33113.5000209883,5.231513871211366,0
1326.3051846892497,33107.828552901556,5.231542908593268,0
1326.3260180084508,33114.951065886424,5.232247952386158,0
1326.3676846469878,33106.3044277757,5.233683503436647,0
1326.3885179661813,33110.41442670163,5.234802140415333,0
1326.4093512852205,33114.52630498307,5.236253224925316,0
1326.430184604025,33115.440592312916,5.237222251549172,0
1326.4510179225115,33114.67860159418,5.238088947040529,0
1326.4718512405968,33116.87972685534,5.238868634931589,0
1326.4926845582006,33110.71915617251,5.239478408990231,0
1326.5343511916585,33117.34354289254,5.24214876163456,0
1326.5551845073715,33111.572667358654,5.243184627294399,0
1326.5760178223231,33104.50431538766,5.243040348042152,0
1326.5968511364592,33105.171664411035,5.243980491935338,0
1326.6176844497363,33111.43821547738,5.245081007766449,0
1326.6593510735838,33102.27491022423,5.244757097831784,0
1326.7010176937085,33113.23561467643,5.243458582392796,0
1326.742684310124,33110.76885853315,5.24103513720985,0
1326.7635176169924,33109.45659207759,5.240549946033136,0
1326.7843509230167,33107.94257277996,5.240335612078036,0
1326.8051842282414,33102.2006351969,5.239880009917176,0
1326.8468508365313,33111.12688282557,5.240789369133455,0
1326.8676841397285,33120.38590169236,5.2403066049347355,0
1326.930184046442,33113.226673795514,5.232896222993626,0
1326.9718506493289,33119.106631187635,5.229000138927859,0
1326.9926839505415,33106.396114704934,5.226895911868122,0
1327.0135172517043,33109.394057151105,5.226021028704385,0
1327.0343505528917,33115.3302137173,5.226062230400529,0
1327.076017155599,33106.05623834477,5.226042918393363,0
1327.0968504572322,33116.965672576946,5.227391686117811,0
1327.2218502730834,33116.593906588365,5.22513958388606,0
1327.2843501850257,33115.39135854567,5.220934276551274,0
1327.3051834894284,33113.20383880039,5.2197027735797,0
1327.3885167076105,33115.81216434485,5.218587817167546,0
1327.4510166197708,33112.38602041376,5.219469142236548,0
1327.4926832259616,33113.38230415396,5.220544833357046,0
1327.534349829882,33104.815989282,5.222315893445605,0
1327.5551831308128,33119.856382251884,5.2247244863218025,0
1327.5968497303156,33113.03755061382,5.226124767966784,0
1327.638516326372,33114.85099050571,5.2257848469007095,0
1327.701016213539,33115.28481563685,5.224703753323055,0
1327.8676825412756,33105.79998861165,5.220697544949765,0
1327.9718489772447,33119.82124784784,5.2149314644398155,0
1327.9926822637635,33133.19087589827,5.214628950974381,0
1328.013515550243,33114.73530037495,5.213042281665014,0
1328.0343488367555,33120.68234724294,5.212432006465656,0
1328.096848697118,33122.48003841822,5.213377111266169,0
1328.1176819843527,33111.618359902845,5.212584825667153,0
1328.1385152718742,33116.170646021084,5.212964634461069,0
1328.1593485597036,33115.42838888933,5.21277911716198,0
1328.1801818478552,33119.51926884647,5.212724615135676,0
1328.2426817141986,33114.32762618427,5.210788933439085,0
1328.263515003543,33127.32939156962,5.210892273908234,0
1328.2843482931112,33117.62685487175,5.2092240317402645,0
1328.3468481626185,33121.52128511388,5.208054826124755,0
1328.367681452508,33109.68874794743,5.206827142525512,0
1328.3885147423018,33115.65372327634,5.207310721301553,0
1328.4301813212824,33115.68564853288,5.207542556017888,0
1328.451014610304,33116.13090350548,5.207525865110113,0
1328.4718478989046,33117.605077582084,5.20798526332,0
1328.5135144745243,33129.4939253626,5.209884604383751,0
1328.534347761395,33103.30851073564,5.208920927916443,0
1328.5551810475488,33111.81142620828,5.21096150622922,0
1328.5760143329255,33124.94115487735,5.212140134697622,0
1328.596847617476,33121.984396488755,5.212514195548654,0
1328.6176809011574,33110.248499742534,5.212178029721259,0
1328.6385141839382,33119.4649428693,5.212423590230411,0
1328.6593474657948,33113.202106409204,5.211825481002974,0
1328.680180746716,33119.50367800079,5.212256471973598,0
1328.7010140267007,33116.72098023198,5.211744757810262,0
1328.721847321889,33113.61784696421,5.211689677419705,0
1328.7426806338501,33110.66301723456,5.211210563974365,0
1328.7635139464865,33112.808108299825,5.211541236664339,0
1328.805180569309,33107.916068472085,5.211226443868602,0
1328.8260138796034,33116.54869239636,5.211297629006737,0
1328.846847189237,33121.51361272157,5.21109415044769,0
1328.8676804982824,33115.11812438746,5.210203290627732,0
1328.9093471149156,33128.883129326154,5.209839662321976,0
1328.9301804226648,33107.78831521587,5.20724193407187,0
1328.9510137301452,33124.613699550595,5.207857597240508,0
1328.971847037441,33121.100281454375,5.206486976148589,0
1328.9926803446303,33117.62708649458,5.205544224351797,0
1329.0135136517886,33123.20784436174,5.2052407974674635,0
1329.0343469589895,33105.40688526862,5.2038098491701765,0
1329.0551802662987,33117.538313399586,5.204768253571453,0
1329.1176801894167,33108.61184413278,5.205062343723786,0
1329.1385134976576,33116.555461495554,5.205791627745502,0
1329.2218467337902,33116.22319654513,5.20530946228219,0
1329.2635133536467,33123.41155529398,5.205044229193105,0
1329.284346663921,33116.085041852275,5.204313175468226,0
1329.3260132849123,33114.62604243901,5.2027948793154914,0
1329.3468465955043,33117.73071139802,5.202571071889037,0
1329.367679906067,33120.02439642235,5.202393181058016,0
1329.4093465267974,33114.96046555857,5.201757256989067,0
1329.451013146455,33107.40956492847,5.200997534826396,0
1329.4926797643877,33111.724542891316,5.20167658810503,0
1329.5135130725105,33118.56397377824,5.202519481811269,0
1329.555179686711,33115.36215722748,5.203568285024202,0
1329.5760129926666,33108.773740383476,5.203890957456945,0
1329.5968462977899,33116.84899741249,5.20490998216625,0
1329.6176796020377,33119.23390648562,5.205304370994471,0
1329.6385129053815,33122.079910455475,5.205796657014717,0
1329.7010128098286,33120.31053589616,5.205047467053789,0
1329.7426794081744,33116.82969207014,5.204767901424576,0
1329.763512706027,33111.2814794031,5.204756101627421,0
1329.7843460030529,33112.5601999322,5.204308708822839,0
1329.8051792993015,33124.548445842294,5.204844475631845,0
1329.8260125948339,32973.73769617696,5.194241325834954,0
1329.8468458897157,32831.948019639654,5.183384914834051,0
1329.8676791840176,32807.5994281038,5.181473897184819,0
1329.8885124778176,32791.102574335055,5.179774036231198,0
1329.951012357016,32805.77297956801,5.1783465941191,0
1330.0968454057092,33116.654669994365,5.198984705459956,0
1330.1385119926374,33119.62105912002,5.199558530691736,0
1330.2843450564792,33119.30140689884,5.198356099719698,0
1330.3051783522703,33103.05472928807,5.196464290435272,0
1330.3676782399723,33108.28294224551,5.1956729376678625,0
1330.3885115357425,33111.16016273094,5.195867121641929,0
1330.4093448313167,33118.990533443444,5.195914772804421,0
1330.4301781266136,33110.4626718575,5.195153889350202,0
1330.451011421549,33115.72241099318,5.1955205015262225,0
1330.4718447160426,33114.668587373264,5.19566296133956,0
1330.4926780100127,33111.28967505331,5.195406867009194,0
1330.5135113033868,33120.56497626139,5.196394588242763,0
1330.5343445960925,33108.060238040474,5.1961012879648045,0
1330.5551778880645,33115.45460193865,5.196893019940302,0
1330.5760111792472,33115.750002921406,5.197534378597696,0
1330.5968444695914,33113.80785203378,5.198013578695136,0
1330.6176777590576,33132.97418637473,5.199803467794001,0
1330.6385110476153,33108.45131892507,5.198613460453301,0
1330.6593443352454,33114.16959662013,5.199114488205443,0
1330.6801776219395,33125.34090552525,5.200016687038588,0
1330.7010109077012,33109.80483507841,5.198672399897915,0
1330.72184419254,33114.43582159541,5.1987283419492485,0
1330.742677476481,33101.524561769955,5.197741752241195,0
1330.7635107595586,33117.22916371633,5.198600414143781,0
1330.784344041815,33115.27898536519,5.1982071592450385,0
1330.8051773233028,33109.57935299597,5.198122647000443,0
1330.8260106040814,33118.01271395288,5.198537581294185,0
1330.8468438842187,33116.95953800923,5.198177157362017,0
1330.8676771637872,33105.89385994903,5.197201100163559,0
1330.8885104428653,33115.8125814147,5.197552489198687,0
1330.9093437215304,33118.55649510527,5.196876841055612,0
1330.9301769998676,33114.413029821466,5.196897206227473,0
1330.9510102779586,33112.76318371859,5.195761833263619,0
1330.971843555885,33116.22289761181,5.19541196082571,0
1330.9926768337257,33103.33647719723,5.194609816793685,0
1331.0135101115563,33105.352084679864,5.19401607113066,0
1331.0343433894486,33107.70669700195,5.1942560154273725,0
1331.0551766674641,33108.01700616639,5.194110367021188,0
1331.0760099456597,33107.3399927333,5.194492424509853,0
1331.0968432240848,33120.98005486387,5.1949422962542595,0
1331.1385097817688,33111.88415728124,5.194928021652862,0
1331.159343061074,33110.29986989222,5.195043161050452,0
1331.1801763407045,33116.286336077756,5.1953262544034,0
1331.2426761814552,33104.672122328586,5.194611040243516,0
1331.2635094622453,33108.83081797497,5.194266153674719,0
1331.284342743241,33114.96191314102,5.193914195161063,0
1331.3051760243893,33106.87325667443,5.193290675563564,0
1331.3468425868941,33113.859439738495,5.192180963237182,0
1331.3885091492007,33107.502367145455,5.191085739517656,0
1331.4093424300843,33113.21226065576,5.191208013993498,0
1331.430175710679,33121.451792558386,5.191690564891476,0
1331.4510089909033,33101.175580618255,5.190384726271303,0
1331.4718422706744,33107.08309414148,5.1909620713574505,0
1331.4926755499123,33102.302249047105,5.190386776105285,0
1331.5343421064986,33109.36803013637,5.191706464309018,0
1331.5968419357048,33117.08160760156,5.193971618624745,0
1331.6176752103954,33113.05975621607,5.194450560752165,0
1331.6593417570273,33104.5565013318,5.194368024175791,0
1331.7010082999243,33111.44535193006,5.195443232045928,0
1331.721841569988,33112.1623373922,5.1953752083686675,0
1331.7426748391579,33114.598337418334,5.195267026028206,0
1331.763508107469,33106.851723785716,5.19495767658064,0
1331.8260079077377,33115.45939275843,5.195341805683746,0
1331.8676744379854,33113.30495050827,5.195138598521687,0
1331.8885077023501,33106.713471239054,5.1946381152722925,0
1331.9093409663137,33122.645089150734,5.195561656857167,0
1331.9510074933694,33119.08207162031,5.194503834537765,0
1332.0551738096228,33112.11450364244,5.193453603910401,0
1332.0760070731942,33106.76563588808,5.192961258278096,0
1332.117673601078,33118.80151827206,5.194017115413553,0
1332.1385068654563,33115.453766229846,5.193699692518068,0
1332.1593401301525,33120.31597765489,5.194464083641952,0
1332.1801733951722,33114.85172904087,5.194233144053914,0
1332.2635064582519,33116.78919966292,5.194277143925595,0
1332.2843397246197,33124.160380506044,5.194630745921549,0
1332.388506057313,33109.40434378702,5.191224606667957,0
1332.4510058549345,33106.715469821575,5.190325771665995,0
1332.4926723845053,33111.50986707779,5.1910049220203085,0
1332.534338911616,33110.208788227086,5.192104416078308,0
1332.55517217408,33104.328869873556,5.1924104946303276,0
1332.5968386965542,33113.008217676295,5.194083497234666,0
1332.617671956479,33119.49960243933,5.1952029281190155,0
1332.6385052154903,33115.68911128687,5.1954383619737445,0
1332.7010049869307,33111.82941410421,5.195957582622731,0
1332.7218382422286,33106.3186891411,5.195475052319813,0
1332.7635047501924,33114.78339439184,5.195362211290746,0
1332.7843380029396,33118.99501784951,5.195050471015241,0
1332.86767100705,33104.90159551762,5.194211194899531,0
1332.888504256711,33126.79053013618,5.195661937463472,0
1332.909337505983,33119.57567504842,5.195085775834774,0
1332.9301707549491,33111.27184041154,5.194624911247176,0
1332.9510040036903,33118.85682351639,5.1946933549500205,0
1332.9718372522884,33117.18816321836,5.19456766281871,0
1332.9926705008209,33116.212292869975,5.194231451467869,0
1333.0135037493644,33114.96202194532,5.194140908785698,0
1333.034336997986,33113.8344835183,5.194123245305427,0
1333.0551702467467,33124.2629070092,5.1945590785120626,0
1333.076003495702,33114.58887375908,5.194223054511653,0
1333.0968367448995,33115.37781124694,5.1946429889632855,0
1333.1176699943728,33115.00187205614,5.194724122768391,0
1333.1385032441488,33112.08730121799,5.194824118353793,0
1333.1593364942453,33108.99193176697,5.194939836602541,0
1333.1801697446665,33119.5023771318,5.1958725734927755,0
1333.201002995406,33114.176931066475,5.1956875357391485,0
1333.221836246447,33120.64607883915,5.196471228486497,0
1333.2426694681956,33120.16725259553,5.19631046806218,0
1333.2635026458374,33110.53883923017,5.195543064651616,0
1333.2843358088962,33109.95150262386,5.195073728882658,0
1333.305168972093,33119.786352031886,5.19540103894273,0
1333.3260021353651,33109.815478322846,5.193979445070497,0
1333.3468352986433,33107.95282964645,5.193710890541229,0
1333.3676684618538,33128.23654576365,5.1937925998028645,0
1333.3885016249187,33117.9089037066,5.192922406644765,0
1333.4301679502812,33125.71450117897,5.192433059790766,0
1333.4510011124153,33121.841545553514,5.191798127182621,0
1333.471834274076,33113.85617535564,5.191406192592968,0
1333.4926674351839,33118.1284806254,5.19185945012354,0
1333.5135005956677,33123.900016806576,5.192774845553109,0
1333.5343337554573,33109.13899899312,5.192013598091807,0
1333.5551669144913,33122.56235853289,5.193854067031822,0
1333.576000072716,33109.81842236926,5.193713484187012,0
1333.5968332300854,33111.52378715763,5.19443270468901,0
1333.6176663865654,33114.50484034851,5.194989079612162,0
1333.638499542129,33120.0337752379,5.195947039008038,0
1333.6593326967609,33124.984806998335,5.196562573612256,0
1333.680165850456,33119.03133741369,5.19654141282734,0
1333.700999003222,33119.33268837056,5.1963269211354755,0
1333.7218321550747,33127.67171810397,5.196937758559405,0
1333.7426653060431,33133.044431372306,5.197081684812755,0
1333.7634984561644,33124.47778102445,5.196024903234351,0
1333.7843316054837,33129.43790282408,5.196373623204908,0
1333.8051647540588,33125.05443463919,5.196089300722412,0
1333.825997901952,33128.89737876044,5.195964360751873,0
1333.8468310492312,33115.71221312483,5.19485175018516,0
1333.8676641959717,33113.38765099495,5.194658886515657,0
1333.8884973422535,33119.463897560985,5.194620693008745,0
1333.9093304881558,33127.26187740358,5.1949847440660815,0
1333.930163633763,33131.654725816596,5.195284116280254,0
1333.971829924419,32844.63002226232,5.173787640664852,0
1333.9926630696266,32827.803341251165,5.17244474580392,0
1334.0134962148531,32799.8098551494,5.170017217053129,0
1334.0343293601666,32802.8928617933,5.1701470525260245,0
1334.0551625056269,32810.46640088226,5.170680209157558,0
1334.0759956512898,32808.45750346239,5.170549712701005,0
1334.0968287971982,32833.65119678156,5.172375885256573,0
1334.117661943388,32932.5151183764,5.180323475420322,0
1334.1384950898844,33116.77870484045,5.193511465714152,0
1334.1593282367012,33116.498678306976,5.193734963483654,0
1334.1801613838436,33121.866554945234,5.194027178101276,0
1334.2009945313032,33123.93094502326,5.194884470466432,0
1334.221827679063,33118.56243520612,5.194204246657499,0
1334.242660827093,33121.6477852802,5.194629168207886,0
1334.2634939753573,33117.0956374813,5.193743616575319,0
1334.2843271238078,33115.833999236835,5.193546839813527,0
1334.3259934210353,33117.90182227207,5.192661049078176,0
1334.3676597182482,33117.54629086097,5.190994846297527,0
1334.3884928666573,33111.989315602295,5.190023064318622,0
1334.40932601483,33116.716299713866,5.190011743493658,0
1334.430159162681,33106.625607271715,5.1888506822850875,0
1334.4509923101293,33114.210779786816,5.189011663769669,0
1334.4718254570944,33127.736907175866,5.18963247010108,0
1334.4926586034983,33125.22591375946,5.189379742167779,0
1334.513491749267,33124.09355317539,5.189730690283506,0
1334.5343248943334,33112.19855258752,5.188992353147263,0
1334.5551580386386,33128.50026422963,5.1902921312106916,0
1334.5759911821272,33114.10699058967,5.1896104225264335,0
1334.6176574664912,33117.420753363695,5.189980257229657,0
1334.638490607307,33121.26056011902,5.189901677832958,0
1334.65932374719,33122.776957122005,5.1904801876737094,0
1334.7009900241592,33126.45136701956,5.190010231847269,0
1334.7218231612694,33120.14178836984,5.189456432888483,0
1334.742656297499,33116.714565915776,5.188712587306694,0
1334.7634894328885,33115.87537559824,5.1885374278528795,0
1334.784322567484,33113.73043633218,5.1881139834266,0
1334.8051557013412,33122.36764302402,5.188248172488562,0
1334.8259888345262,33118.72161869994,5.187683948162438,0
1334.846821967108,33119.08332498271,5.187431037685733,0
1334.8884882307648,33107.891735285906,5.186144779599376,0
1334.9093213620026,33117.59153482537,5.185686907700435,0
1334.950987623705,33117.39294685405,5.185251512754479,0
1335.0551532771037,33115.24524769317,5.183893397739267,0
1335.0759864081758,33103.75941369864,5.182750741155364,0
1335.0968195394992,33116.5012205185,5.183198895108772,0
1335.1176526711085,33115.636762477174,5.183505036688031,0
1335.1801520678328,33114.95989530439,5.182531306861832,0
1335.2009852007145,33122.07716824635,5.182875473518516,0
1335.221818333893,33111.42234400778,5.181642301568523,0
1335.2426514673382,33107.08773918012,5.180862119521949,0
1335.263484601011,33121.59236317188,5.181250473040846,0
1335.2843177348648,33115.59815312344,5.180329603783791,0
1335.3051508688404,33108.82157648583,5.178824975766735,0
1335.3676502708317,33125.10884420161,5.178234484855526,0
1335.388483404599,33112.37321302051,5.176802112020638,0
1335.4301496713056,33115.47498446346,5.17592516285175,0
1335.4509828040802,33109.839624928754,5.175295953131602,0
1335.4926490680696,33123.42826756087,5.175461954308663,0
1335.5134821991364,33107.80226247399,5.174127498791437,0
1335.534315329494,33116.31092674236,5.174503154215882,0
1335.5551484590794,33107.01345091901,5.173376736907682,0
1335.5759815878441,33116.971454634644,5.175014368500319,0
1335.6176478427465,33104.41031285502,5.172715056902793,0
1335.6593140939772,33123.66775470913,5.173357337680851,0
1335.6801472181905,33110.963200462014,5.172385376413364,0
1335.7009803414776,33119.93888054563,5.172174698596753,0
1335.7218134638606,33112.12801847345,5.172071791705158,0
1335.7426465853675,33113.24591419041,5.171538063956036,0
1335.7634797060389,33118.02176135705,5.172092251666113,0
1335.7843128259228,33115.70474038226,5.171887115395177,0
1335.805145945078,33111.18278463601,5.17137160257128,0
1335.8259790635689,33115.43029284974,5.171635068992476,0
1335.8468121814672,33114.405113617126,5.171740394753752,0
1335.8676452988475,33109.271316852784,5.171384423663949,0
1335.8884784157897,33113.18833440324,5.1713829425909275,0
1335.9093115323765,33117.91580690539,5.171679521882868,0
1335.93014464869,33101.515891037176,5.170242371693101,0
1335.9509777648111,33117.150021469315,5.171755286557065,0
1335.9718108808215,33116.98623785607,5.171716795688466,0
1335.9926439967978,33113.729925452244,5.171385059026855,0
1336.0134771128123,33105.97616841183,5.170525077906564,0
1336.03431022893,33118.23416651449,5.171166973687719,0
1336.055143345212,33113.276895741365,5.171050566397729,0
1336.0759764617078,33112.289633967324,5.1706596124842275,0
1336.096809578462,33104.6376306683,5.1702868697014495,0
1336.1176426955042,33119.197193365646,5.170979557715845,0
1336.1384758128584,33118.46123566951,5.171339229134811,0
1336.1593089305352,33115.69778590482,5.17070967318005,0
1336.180142048538,33121.9098283153,5.171463016454666,0
1336.2009751668552,33117.46536304786,5.170917662962132,0
1336.2218082854654,33123.39159749311,5.171518104605162,0
1336.2426414043393,33116.207116798665,5.170715827347042,0
1336.263474523436,33115.41234156589,5.170681505993066,0
1336.2843076427052,33125.850296169934,5.171621757254042,0
1336.3051407620894,33115.84317556662,5.171170456082956,0
1336.325973881524,33104.050142294145,5.1700326628824556,0
1336.3468070009362,33107.69872881213,5.170252459037089,0
1336.3676401202517,33118.04125156463,5.171295960503096,0
1336.3884732393901,33113.66117167126,5.170815294442026,0
1336.4093063739358,33108.52802241463,5.170629476697236,0
1336.4301395353039,33116.204133452826,5.171046375035169,0
1336.4509727077425,33109.66075672232,5.170569082114774,0
1336.4718058796796,33126.17425255503,5.171496799562698,0
1336.4926390510352,33105.092243123974,5.170341503491965,0
1336.5134722217374,33110.151064724974,5.170463850654171,0
1336.5343053917238,33105.809370936244,5.170111450593327,0
1336.5551385609326,33110.685105902296,5.170387385458072,0
1336.575971729313,33115.738967246434,5.170864578438798,0
1336.6176380634356,33112.72914462804,5.170208042873009,0
1336.6384712291238,33108.850179026864,5.170385244116576,0
1336.659304393879,33114.231075391144,5.1705456981712645,0
1336.6801375577004,33106.69922493125,5.170164701367325,0
1336.7426370437174,33121.764076548694,5.170856629113472,0
1336.7634702040127,33108.251348901395,5.170353216112971,0
1336.7843033635281,33125.06038421784,5.171301500210603,0
1336.8051365223232,33123.26143519806,5.171353005519151,0
1336.8259696804641,33116.2296576384,5.170475371346942,0
1336.8468028380225,33124.64069619186,5.171198949105418,0
1336.8676359950737,33112.58927260725,5.170815076867498,0
1336.8884691516962,33102.95506084568,5.16978531942824,0
1336.909302307975,33113.44760007341,5.170691967120938,0
1336.930135463991,33115.12108298478,5.17070217606623,0
1336.9509686198273,33117.644643024374,5.170684794190086,0
1336.9718017755624,33119.80182025291,5.170905574112849,0
1336.992634931274,33122.257980414535,5.170923337074969,0
1337.0134680870322,33100.074418970915,5.169514404022685,0
1337.0343012429041,33114.35810342472,5.170447721641165,0
1337.0551343989475,33119.85320627469,5.1708244210368015,0
1337.0759675552117,33121.91072701314,5.170858676602639,0
1337.096800711736,33119.71773225855,5.170864986207015,0
1337.1176338685543,33114.980791478476,5.170359199223108,0
1337.138467025687,33116.799418268354,5.170628429131816,0
1337.1593001831457,33120.14200470375,5.17068475528505,0
1337.1801333409273,33114.36246888939,5.170391620585109,0
1337.200966499022,33114.44434589356,5.170538434256512,0
1337.221799657407,33107.197848843825,5.169742059408787,0
1337.2426328160523,33120.614735896044,5.170516741878241,0
1337.2634659749133,33111.45556427639,5.170007492411403,0
1337.284299133941,33125.162581497825,5.171088304356855,0
1337.3051322930755,33123.901968573475,5.1709250776344895,0
1337.3259654522506,33124.175102388115,5.17075848988887,0
1337.3676317704328,33116.285259905795,5.170942867905864,0
1337.3884649292831,33115.72339568822,5.170407840556401,0
1337.4092980878645,33114.07066919202,5.170475717183477,0
1337.4301312460932,33110.48287220643,5.169897379887409,0
1337.5134638738893,33115.425515218565,5.17045177659476,0
1337.5342970291947,33114.024570377136,5.17095035746645,0
1337.5551301837152,33122.386245282534,5.17128646014304,0
1337.5759633374032,33110.67519179969,5.1701806064566815,0
1337.596796490218,33109.98674551465,5.169988089188961,0
1337.6176296421295,33123.46958434926,5.1707300059665995,0
1337.6384627931168,33125.85958748805,5.171262789849447,0
1337.6592959431684,33112.25549857717,5.170226482645357,0
1337.7009622404864,33119.72232814477,5.17050270533069,0
1337.7217953877876,33102.90418786938,5.169612104231244,0
1337.7634616798362,33115.230370025296,5.170138310944857,0
1337.867627397617,33116.67096760186,5.170327403063491,0
1337.8884605396158,33114.066398442694,5.170317356214551,0
1337.9092936812806,33121.683491287215,5.170901626139262,0
1337.9301268226936,33113.65510525875,5.170220947550233,0
1337.9509599639387,33116.00372004293,5.170164728747697,0
1337.971793105094,33119.72722124331,5.1705181713243284,0
1337.9926262462354,33107.58490701608,5.169785146486884,0
1338.0134593874343,33119.37115901944,5.170432455735461,0
1338.0342925287534,33107.88199608086,5.169631175942851,0
1338.0551256702504,33111.81967239873,5.16962911932019,0
1338.0759588119747,33035.00133505675,5.164371647144085,0
1338.0967919539664,32835.95973716407,5.149785830502678,0
1338.1176250962562,32813.24832568883,5.148399607586959,0
1338.1384582388614,32787.52906389388,5.146921166083809,0
1338.1592913817938,32796.01880163235,5.147178588603786,0
1338.1801245250488,32792.23082811463,5.147338279517643,0
1338.2009576686153,32796.9912791141,5.147415836884246,0
1338.2217908124696,32817.440667000395,5.148905220551406,0
1338.2426239565777,32893.17254819763,5.154651204687054,0
1338.263457100897,33105.60715750717,5.169312646217899,0
1338.284290245376,33107.63097311978,5.17000443148008,0
1338.305123389955,33115.63404473736,5.16999073796946,0
1338.3259565345645,33120.58097412677,5.170526915145226,0
1338.3467896791346,33101.68632143303,5.169299808456223,0
1338.3676228235895,33111.25008151982,5.169960056419023,0
1338.3884559678454,33111.659285324524,5.169730659583259,0
1338.4092891118219,33106.456126843346,5.169707894445579,0
1338.4301222554357,33115.90531862388,5.169647170587872,0
1338.4509553986054,33120.71011396536,5.170532517638384,0
1338.4717885412517,33110.22009048536,5.169640257067889,0
1338.4926216832982,33121.01655073766,5.170212340112486,0
1338.5134548246756,33116.93824035733,5.169929736412075,0
1339.6801100379628,33098.20471807077,5.167440873316695,0
1339.7217762681441,33097.138785838884,5.167073501699785,0
1339.742609381936,33099.15428396189,5.167461996109454,0
1339.7634424949194,33108.87724571031,5.167278249432218,0
1339.7842756071475,33102.95401496542,5.167619521840099,0
1339.8051087186816,33108.937326650084,5.167698732733835,0
1339.8259418295897,33109.06148518539,5.167985374037574,0
1339.8467749399463,33104.81622790348,5.168118215923906,0
1339.8676080498292,33112.247848425446,5.169094575780477,0
1339.8884411593178,33108.55417801188,5.1697793284480404,0
1339.909274268495,33101.58416082825,5.170514038610163,0
1339.9301073774454,33095.43143328846,5.1716650663796075,0
1339.950940486248,33118.97355407949,5.17435736305649,0
1339.9717735949835,33103.732611868625,5.174596033246854,0
1339.992606703725,33116.13644120148,5.176364655633147,0
1340.013439812542,33108.13344519643,5.176765772912886,0
1340.0342729214974,33107.11776300192,5.17754462666806,0
1340.0551060306466,33104.314301809034,5.178607924542994,0
1340.0759391400347,33113.68293374509,5.180172868717571,0
1340.0967722497014,33122.10470835236,5.181520024235898,0
1340.117605359672,33115.57783167562,5.181698627341404,0
1340.138438469965,33119.88938701668,5.182678853400027,0
1340.159271580585,33116.31658648605,5.183360011875648,0
1340.1801046915275,33113.932354742654,5.184627092186696,0
1340.200937802778,33109.191636625714,5.185330774721855,0
1340.2217709143094,33111.0170203522,5.186442333428391,0
1340.2426040260866,33113.767811953665,5.187992433075085,0
1340.263437138063,33112.14727587647,5.188635044129442,0
1340.2842702501855,33115.450124223666,5.190190752043766,0
1340.3051033623917,33114.35934918781,5.190611545251338,0
1340.3259364746136,33105.65653277133,5.191404127374564,0
1340.3467695867769,33112.95036149554,5.192581702428923,0
1340.3676026988032,33107.88111610672,5.192768215349424,0
1340.3884358106125,33130.01404654496,5.1949009796876595,0
1340.4092689221216,33114.54526167636,5.194629419207819,0
1340.4301020332482,33123.32379658029,5.1964201026170045,0
1340.4509351439115,33116.2941501188,5.196224615869194,0
1340.4717682540322,33115.138080663,5.197643644741042,0
1340.4926013635375,33123.40729180226,5.199074725270651,0
1340.5134344723565,33109.52449574871,5.2001862718387155,0
1340.5342675804288,33118.08339324114,5.201563363090941,0
1340.5551006876997,33131.644905027206,5.20303371137433,0
1340.5759337941217,33120.29125410976,5.20241945512107,0
1340.6176000042874,33129.65551399646,5.203217700327209,0
1340.6384331079869,33121.22757124461,5.202823073129922,0
1340.6592662107528,33122.978015103516,5.2025018353209225,0
1340.6800993125912,33103.80205120206,5.201046714752251,0
1340.7009324135192,33109.265215907726,5.201643765881246,0
1340.721765513563,33121.604657670985,5.202110003942924,0
1340.7425986127603,33115.364253796826,5.20304697997792,0
1340.7634317111551,33112.99554482377,5.203142714541869,0
1340.7842648088028,33124.14517114156,5.20539608784011,0
1340.8050979057666,33118.407022487816,5.205410379537394,0
1340.8259310021149,33121.91548049255,5.206797633900731,0
1340.846764097922,33117.9596358054,5.20696118988043,0
1340.8675971932664,33114.984263486826,5.206149920249244,0
1340.8884302882302,33108.49490438044,5.205752953447502,0
1340.909263382894,33111.93872190008,5.205009492919081,0
1340.9300964773415,33107.50200311851,5.204763887521085,0
1340.9925957601822,33124.89696863644,5.204821572055686,0
1341.013428854539,33122.49045781792,5.204908702447697,0
1341.0342619490427,33110.083166039,5.2049148648479076,0
1341.0550950437475,33114.45487080905,5.205848410689225,0
1341.0759281386988,33112.383634852566,5.206219053920624,0
1341.0967612339339,33112.662795495744,5.206893823216681,0
1341.1175943294759,33109.43199688157,5.206966229467093,0
1341.138427425342,33109.756889429285,5.206112818553518,0
1341.1592605215376,33105.38372169922,5.205724099961284,0
1341.1800936180546,33109.99129975883,5.205114498333405,0
1341.200926714878,33110.8040105256,5.204809212671535,0
1341.2217598119787,33119.73764206903,5.205159064660213,0
1341.2425929093213,33119.30396688964,5.205084061037726,0
1341.263426006857,33118.652411190225,5.203993528636677,0
1341.2842591045326,33123.757740677014,5.204491946939433,0
1341.3050922022846,33110.36236882662,5.203347079661133,0
1341.3259253000433,33128.7164653456,5.203309203372613,0
1341.3675914952817,33125.50551694074,5.2038935417337395,0
1341.3884245925992,33120.122317201116,5.203919178262712,0
1341.4092576896082,33121.79175425699,5.2053204607062495,0
1341.4509238823669,33123.693167318255,5.206927419372743,0
1341.4717569779589,33116.95976541839,5.206640579437707,0
1341.4925900729259,33108.8849942568,5.207411937433727,0
1341.5134231672016,33130.11910030883,5.209544075588858,0
1341.5342562607225,33122.53994479213,5.210093153873087,0
1341.5550893534366,33115.76689522749,5.210774717976843,0
1341.5759224452977,33111.10872768497,5.2106777538206535,0
1341.5967555362718,33121.99591047316,5.211284372832157,0
1341.6175886263331,33114.42335812615,5.210291816765552,0
1341.6384217154668,33117.26000347713,5.210121213812608,0
1341.72175406281,33121.45892589137,5.207674036894962,0
1341.7634202313184,33117.92549570935,5.206341635560476,0
1341.784253314438,33111.962722359836,5.205632179931771,0
1341.8050863968822,33143.5458039499,5.208253277799155,0
1341.8259194787224,33116.73337223057,5.206618771309344,0
1341.8467525600327,33107.56885647018,5.2057161909866885,0
1341.8675856408913,33114.248756838846,5.205465606523618,0
1341.909251801583,33121.67903690742,5.203367297799963,0
1341.9300848815813,33127.940111050375,5.201921306597874,0
1341.9509179614554,33117.99410440966,5.200806593808137,0
1341.9717510412843,33122.00745005602,5.199418738321407,0
1341.9925841211389,33122.24646245359,5.198674496624998,0
1342.0134172010896,33121.38156710715,5.197867298815515,0
1342.0342502811957,33112.6553950252,5.198054638320241,0
1342.0550833615107,33117.463484174616,5.198450516104563,0
1342.0967495229356,33119.57341815594,5.199783300276918,0
1342.1175826041035,33126.6001373302,5.199842660614324,0
1342.1592487674227,33125.86650065785,5.200269567111706,0
1342.221748014745,32843.095422326114,5.17963373147666,0
1342.242581097706,32810.348018060824,5.176607641788392,0
1342.2634141808567,32789.24292170688,5.174204213984359,0
1342.2842472641398,32782.18713425605,5.173198857530854,0
1342.3050803474919,32785.557156415445,5.172457904178834,0
1342.325913430842,32793.750567025345,5.1724314073404525,0
1342.3467465141164,32802.92345664831,5.172606456812497,0
1342.3675795972356,32878.94606321895,5.177776527880733,0
1342.4092457626816,33116.50076375712,5.194925024168031,0
1342.4300788448427,33118.50939869721,5.195820925508361,0
1342.4509119265224,33111.409528502954,5.195927878912536,0
1342.4717450076432,33112.566812606514,5.196799044074067,0
1342.492578088131,33112.06628368021,5.196931135100381,0
1342.5134111679188,33127.19441062658,5.198948392423516,0
1342.5342442469464,33109.749588906605,5.198843498932411,0
1342.5550773251616,33109.27184858961,5.199499763214373,0
1342.575910402521,33123.21193667541,5.2009662511606525,0
1342.5967434789902,33120.15103423916,5.200836763892224,0
1342.6175765545463,33110.2824398219,5.200731366963953,0
1342.6384096291745,33117.915396792676,5.200828572430861,0
1342.6592427034145,33113.78442860607,5.200443930257087,0
1342.6800757777098,33107.45886636802,5.19959366447615,0
1342.7009088515358,33108.14972371707,5.199807287792333,0
1342.72174192449,33106.76954590867,5.19885383890236,0
1342.7425749966098,33121.27001000704,5.199265871758733,0
1342.784241138549,33113.192350620375,5.198022462600185,0
1342.8050742084902,33107.814214399674,5.198414058878968,0
1342.8467403466666,33119.1238040851,5.198437642807495,0
1342.8675734150563,33106.59286066681,5.197135619752732,0
1342.8884064830886,33116.27786491969,5.19741865647412,0
1342.9092395508462,33116.27223959292,5.1969064017108115,0
1342.9300726184124,33120.85556197766,5.195708173728298,0
1342.9509056858667,33117.890797705724,5.195145592840785,0
1342.9717387532858,33118.13407287693,5.193180914685831,0
1342.9925718207423,33120.45341566266,5.193086723868808,0
1343.0134048883042,33108.387659590764,5.191257600973927,0
1343.034237956031,33115.37761855569,5.191548636143611,0
1343.0550710239734,33108.9662447938,5.191007013232686,0
1343.075904092176,33119.65216696907,5.191748833816129,0
1343.0967371606716,33115.03979763077,5.192093824459367,0
1343.117570229483,33121.28377195066,5.192872634693773,0
1343.1384032986232,33106.777841336356,5.192260872767003,0
1343.1592363680945,33114.114422949584,5.193219270857113,0
1343.1800694378876,33125.31018143723,5.1936758145107795,0
1343.200902507983,33108.5245961891,5.192796630038531,0
1343.2217355783512,33111.48045781558,5.1924692964265935,0
1343.2425686489507,33122.586133735414,5.193133353213879,0
1343.263401719733,33113.171891992475,5.190973974275098,0
1343.2842347906428,33115.50140470125,5.1908260549388725,0
1343.3050678616137,33110.00548522536,5.1895248959437845,0
1343.325900932576,33113.90599319776,5.18925816977699,0
1343.3467340034526,33130.19414256243,5.190077968390289,0
1343.3675670741652,33112.30851886633,5.188504259727356,0
1343.388400144631,33116.209867814425,5.188740023373869,0
1343.4092332147695,33119.90439357537,5.189119728126593,0
1343.4300662844967,33123.870492845854,5.189405730364518,0
1343.4508993537327,33116.68839943633,5.189239091231709,0
1343.4717324224014,33123.097007261655,5.190213946993246,0
1343.492565490429,33115.14111350482,5.19004772858687,0
1343.5342316243068,33118.38984490076,5.1911432358913965,0
1343.5967308189122,33122.87538039846,5.193283324385981,0
1343.6175638819864,33121.887804895334,5.193426938745438,0
1343.6383969441329,33120.40006869139,5.193621787693294,0
1343.659230005351,33114.440709338865,5.193308693364847,0
1343.6800630656505,33104.58161198755,5.192601836217902,0
1343.700896125053,33120.01089879763,5.193265144379868,0
1343.7217291835884,33119.56147357411,5.192835821221149,0
1343.7425622412973,33117.970259996066,5.192434820402937,0
1343.7633952982292,33129.16064830046,5.193275482544559,0
1343.7842283544428,33104.781888267054,5.191276174082494,0
1343.8050614100027,33117.43482155766,5.192270756621371,0
1343.8258944649795,33126.92239367535,5.1924836050499295,0
1343.8467275194505,33117.651067048195,5.191973008734335,0
1343.8675605734938,33116.87227794561,5.191837103468772,0
1343.8883936271923,33118.116099113526,5.192248789126802,0
1343.9092266806294,33113.31859967844,5.191305173890249,0
1343.930059733887,33111.66841336014,5.190677650536017,0
1343.9508927870431,33137.46294483119,5.191674765882354,0
1343.9925588933595,33107.62594110991,5.18816082692158,0
1344.0133919466566,33124.15296777643,5.188686480764015,0
1344.0342250001263,33121.55220462499,5.188005402660167,0
1344.055058053821,33125.5525532566,5.188488884682709,0
1344.0758911077824,33123.65425558993,5.187518363943112,0
1344.096724162041,33124.5780780511,5.188640558144987,0
1344.1175572166205,33129.8013165085,5.188800968918308,0
1344.138390271532,33119.12206572037,5.188299663219798,0
1344.1592233267756,33119.7788970962,5.188520825148961,0
1344.18005638234,33113.1501563084,5.18841488078333,0
1344.2008894382054,33133.726000873095,5.189026419856741,0
1344.22172249434,33125.51527920212,5.188274500951182,0
1344.242555550702,33108.498318330625,5.186608293888184,0
1344.3258877773146,33120.98647131137,5.185034614160519,0
1344.3467208339184,33119.2782191894,5.184127731243971,0
1344.3675538903487,33122.35248320035,5.184559495677144,0
1344.3883869465244,33130.16511722235,5.184396993442123,0
1344.4717191670436,33125.377633549666,5.185808506344343,0
1344.4925522207388,33124.52129469923,5.186820863309544,0
1344.5133852737222,33114.312831439,5.186390365993669,0
1344.5967174774864,33124.8800455553,5.189695511262354,0
1344.617550526205,33133.37390254128,5.189990481350003,0
1344.6383835739973,33127.46516043935,5.189958684872583,0
1344.7217157560804,33121.42905335896,5.1889777290612855,0
1344.7425487994622,33098.3073375324,5.187502341097567,0
1344.7633818420766,33114.435287923596,5.187845189892488,0
1344.7842148839816,33115.407567668924,5.1885461255118015,0
1344.805047925244,33109.41107584967,5.187841016407132,0
1344.8258809659362,33111.88926096731,5.187966393278736,0
1344.8467140061337,33116.216576886145,5.18827258527067,0
1344.8675470459157,33095.72549996795,5.1866267213214305,0
1344.8883800853655,33111.24478640482,5.187430424396018,0
1344.909213124566,33104.08046982631,5.186544913533157,0
1344.930046163599,33111.90660369407,5.186437699117972,0
1344.950879202545,33110.420280466664,5.185428857986977,0
1344.9717122414786,33105.38421104308,5.185093897630987,0
1344.9925452804716,33108.67019173078,5.1844459284528694,0
1345.0133783195895,33098.21110225179,5.183772268721189,0
1345.0342113590184,33105.86685311754,5.183794164340676,0
1345.0550443988207,33106.28522855413,5.18385251771276,0
1345.075877438907,33107.635762309634,5.184469693763693,0
1345.096710479297,33108.60969607513,5.184535230674904,0
1345.1175435200105,33105.642230526544,5.1846584845004555,0
1345.1383765610578,33107.74109971023,5.185065019709357,0
1345.159209602438,33110.471946141835,5.185789407924081,0
1345.1800426441403,33102.413171622655,5.185069895213903,0
1345.200875686142,33111.833151839885,5.1857363750653205,0
1345.2217087284087,33105.53517423612,5.185051006739434,0
1345.2425417708994,33095.86043045467,5.183676646417074,0
1345.263374813563,33114.89887647887,5.1846881852337185,0
1345.2842078563403,33111.65255502418,5.183877017309595,0
1345.305040899166,33101.60454778187,5.182844570671361,0
1345.3258739419646,33115.15336629813,5.182652469196485,0
1345.3467069846618,33110.18186412994,5.1820266254898435,0
1345.3675400271773,33104.24507820778,5.181386822790936,0
1345.3883730694297,33107.14727906261,5.181256637695533,0
1345.4092061113354,33106.039379953494,5.181493872826537,0
1345.4300391528116,33110.00720126041,5.1818440954906135,0
1345.4508721937798,33110.38870258136,5.182358498996991,0
1345.4717052341646,33105.02717567528,5.182030720267175,0
1345.492538273897,33105.52274219301,5.183000122379708,0
1345.5133713129094,33115.18857573764,5.184142909393619,0
1345.5342043511446,33118.19416602787,5.184879587634348,0
1345.5550373885544,33119.872325405,5.18608077582036,0
1345.5758704250984,33116.44244435286,5.185842525006722,0
1345.5967034607486,33109.44217442489,5.186394089565675,0
1345.6175364954838,33128.624581124255,5.18727233398625,0
1345.638369529293,33111.863534022166,5.18713839115117,0
1345.6592025621796,33112.278980758965,5.1866310638540485,0
1345.6800355941573,33125.01181656053,5.187750129529293,0
1345.7008686252486,33114.50937795852,5.186416399337321,0
1345.7217016554857,33117.54126609411,5.186297357710294,0
1345.7425346849118,33112.45570432961,5.186210755059278,0
1345.7633677135789,33121.62971323955,5.186489811168589,0
1345.784200741549,33117.79201304231,5.186496377571608,0
1345.8050337688871,33107.79272837482,5.1857359081231875,0
1345.8258667956643,33115.4943991335,5.18648457786441,0
1345.8466998219599,33112.98348960093,5.186127508382915,0
1345.8675328478532,33121.77959275238,5.186916498033598,0
1345.8883658734287,33120.49831394163,5.18633358980882,0
1345.9091988987675,33118.72231714351,5.185432113843107,0
1345.9508649490558,33110.29092759215,5.184613409993126,0
1345.9716979741636,33128.60145619799,5.185252867731488,0
1345.9925309993419,33110.763594927266,5.183724635296487,0
1346.0133640246545,33123.97175092261,5.184752532406735,0
1346.0341970501577,33114.14844169879,5.183578742723509,0
1346.0550300759012,33112.477782388574,5.183573808322658,0
1346.0758631019255,33111.38485054118,5.183781711703519,0
1346.0966961282586,33117.933784164146,5.184299103352063,0
1346.1175291549177,33125.43108272144,5.185678117603475,0
1346.1383621819143,33116.95594428791,5.184560635274398,0
1346.159195209246,33110.20800218725,5.185246170434466,0
1346.1800282368981,33111.68923455647,5.185156094469324,0
1346.2008612648472,33127.312635563285,5.186156526924437,0
1346.2216942930581,33114.47331421685,5.184940271045034,0
1346.242527321491,33110.53810298992,5.184641856441617,0
1346.2633603500897,33124.41046622187,5.184912225712362,0
1346.2841933787965,33115.73332322604,5.183613717472625,0
1346.3050264075434,33114.57925317603,5.183137083024555,0
1346.3258594362567,33075.862791775355,5.179659034972996,0
1346.3466924648608,32857.72764337085,5.163321137414906,0
1346.367525493273,32825.768414347294,5.160723313585579,0
1346.388358521413,32786.62470165578,5.15827409723603,0
1346.4091915491988,32791.878595635295,5.158255113529634,0
1346.4300245765469,32790.89152211738,5.1579721320363845,0
1346.450857603378,32811.67536004287,5.159782230068325,0
1346.4716906296192,32829.954147739154,5.161431658130879,0
1346.4925236551992,32876.75384781843,5.165633301748446,0
1346.5133566800541,33110.26465410645,5.182850021845206,0
1346.5341897041267,33115.82995560151,5.184456011154736,0
1346.55502272737,33128.67187416881,5.185210320134903,0
1346.5758557497477,33118.212949417546,5.18572991545596,0
1346.5966887712277,33114.43470929595,5.185659883636296,0
1346.617521791792,33121.43720444674,5.187133315064371,0
1346.6383548114334,33120.70168658049,5.1872384008262005,0
1346.7008538649104,33118.78934107001,5.186306767363322,0
1346.7425198962876,33132.2627125755,5.186772900204028,0
1346.7633529108257,33129.144828526674,5.187192544385998,0
1346.7841859246755,33115.34722138443,5.186268480743319,0
1346.8050189379055,33119.69235629984,5.187299771925799,0
1346.8258519505875,33122.14877980888,5.1875171043504675,0
1346.8675179746228,33121.60087469592,5.187875089240826,0
1346.88835098614,33127.45673455193,5.187942857969807,0
1346.9091839974333,33118.11235676188,5.187099238794505,0
1346.9508500196707,33128.607292130364,5.187885630590624,0
1346.9716830307696,33117.28383365859,5.18644424978493,0
1346.9925160419498,33124.92800263121,5.186895346734359,0
1347.0133490532737,33126.209616618056,5.18612734029643,0
1347.0341820647989,33106.590913990745,5.1856006641076675,0
1347.0966811010048,33124.92287154405,5.186271336698463,0
1347.1175141137098,33123.78790859968,5.18657710155894,0
1347.1383471267525,33117.56964235401,5.186405334966752,0
1347.1591801401312,33126.985238433816,5.187245180294334,0
1347.22167918208,33113.997765474116,5.187621773014392,0
1347.24251219655,33121.924778169545,5.187629738299849,0
1347.2633452111825,33113.09310346607,5.186455041128772,0
1347.2841782259159,33112.6098771625,5.185830024129651,0
1347.3466772699694,33113.17750376908,5.1837305612914815,0
1347.4091763109147,33086.41319393659,5.181378205143156,0
1347.4300093237075,33109.66087070308,5.182777668258287,0
1347.534174378413,33098.203918821804,5.184684335414382,0
1347.5758403948498,33104.8792890538,5.186264030162198,0
1347.6383394127602,33094.957129193055,5.187356863574911,0
1347.7841704240332,33069.83692302574,5.185765434587445,0
1347.846669418606,33073.69437100392,5.1871548848080815,0
1347.8675024159384,33069.14158982519,5.1873381500388565,0
1347.8883354129755,33088.18959109427,5.188733135293393,0
1347.9091684098032,33082.628404151255,5.187930087851473,0
1347.9508344031465,33097.20068529504,5.188211175416346,0
1347.9925003965784,33100.84044740753,5.1877451287228755,0
1348.4091603790027,33094.05725443307,5.182298762989138,0
1348.5133253672896,33064.154782528545,5.180878925092457,0
1349.3258118381677,33138.38427834246,5.182163022391884,0
1349.4299767671514,33129.01452570646,5.179025796191551,0
1349.450809751647,33135.04311911641,5.179504609942675,0
1349.5966406226926,33116.91431054179,5.177903721190191,0
1349.6174736008345,33121.183909126725,5.1778526709938735,0
1349.6383065780594,33106.30747602589,5.177439987407202,0
1349.7216384781048,33102.10156462996,5.174841076373262,0
1349.7424714510696,33106.89789742765,5.174833341923395,0
1349.7633044233137,33095.78634973172,5.173507350713913,0
1349.7841373949022,33106.98775497687,5.1742731956325665,0
1349.8049703659049,33106.14920608222,5.173452714352139,0
1349.8258033363957,33107.36772221744,5.173559683736867,0
1349.8466363064558,33102.30091713017,5.172843534129579,0
1349.8674692761654,33104.117319936624,5.172651460222182,0
1349.888302245607,33116.39313600297,5.173242402610496,0
1349.9091352148641,33115.5554676221,5.172562855965019,0
1349.9299681840173,33092.71466799263,5.170753459681103,0
1349.950801153143,33107.57697822223,5.171272208129466,0
1349.971634122315,33104.04171112295,5.170554966456325,0
1349.9924670916005,33109.712791063735,5.170797793351787,0
1350.0133000610592,33114.99678066625,5.170631736094835,0
1350.0341330307444,33117.83314183402,5.170280347558694,0
1350.0549660007018,33106.1042591043,5.169145244030448,0
1350.0757989709637,33116.22827770278,5.1698907001680965,0
1350.0966319415531,33113.14650745174,5.169227565004565,0
1350.1174649124866,33109.6429663914,5.16849031216912,0
1350.1382978837646,33112.80261266138,5.168834932302925,0
1350.1591308553798,33119.17391286195,5.168628212279283,0
1350.179963827313,33110.33783329499,5.167786598599703,0
1350.2007967995355,33111.92711808389,5.167493038528065,0
1350.2216297720076,33126.083291540075,5.168327887087936,0
1350.2424627446833,33111.49617654454,5.167684420363894,0
1350.2632957175033,33124.3185586067,5.167549165285122,0
1350.2841286904036,33119.01857212871,5.167664639325983,0
1350.3049616633164,33125.643697967,5.167727197320341,0
1350.3257946361646,33114.22390255182,5.167034650075503,0
1350.3466276088695,33118.52376477838,5.1672796696810455,0
1350.388293553153,33122.18683025123,5.167282498642524,0
1350.4091265238997,33115.05302571455,5.167074531240784,0
1350.42995949388,33122.55713587222,5.167588282655974,0
1350.450792463314,33094.29256301681,5.165200087961367,0
1350.4716254321277,32864.13874755935,5.149285585250108,0
1350.4924584002533,32813.84711501045,5.145174219478386,0
1350.5132913676325,32781.50834940334,5.143364289516727,0
1350.5341243342136,32784.113314337206,5.142879735126193,0
1350.5549572999525,32792.76946070134,5.143660935897388,0
1350.5757902648156,32793.04734774346,5.1440968543707815,0
1350.5966232287794,32810.73677476595,5.145069379475435,0
1350.6174561918328,32848.42837439702,5.1480379760003006,0
1350.6382891539718,33073.18782250856,5.1638555817116725,0
1350.6591221152064,33106.00090776536,5.166627427273866,0
1350.6799550755552,33125.88959616313,5.167893510820069,0
1350.7007880350482,33114.48521880816,5.167238629379138,0
1350.721620993727,33118.17561960407,5.1671555399014455,0
1350.7424539516383,33114.286332024945,5.167619374778337,0
1350.7632869088395,33117.96112101764,5.167287060736159,0
1350.7841198653955,33114.557334570105,5.167108932788328,0
1350.8049528213785,33115.3072042416,5.166842993264177,0
1350.8257857768624,33126.982609605,5.1679366709779675,0
1350.8466187319277,33115.0959088201,5.1669340647699995,0
1350.8674516866547,33119.8205041664,5.167247279259432,0
1350.888284641129,33123.67228266632,5.167547140995294,0
1350.9091175954309,33115.07705127812,5.166859844432866,0
1350.9299505496408,33120.85351747656,5.167454957110565,0
1350.9507835038353,33121.91047793652,5.167520967894518,0
1350.9716164580866,33127.91597533621,5.16770190748807,0
1351.0132823670242,33119.09507186133,5.16750465812021,0
1351.0341153218192,33123.71237721666,5.167405539665703,0
1351.0549482768922,33132.41010588014,5.167461191570533,0
1351.075781232276,33130.85711499596,5.16783451445177,0
1351.0966141879942,33123.662049021055,5.167570679803644,0
1351.117447144057,33123.30939945742,5.167350475439208,0
1351.138280100466,33120.645483769506,5.167343564613853,0
1351.1591130572144,33127.96103915577,5.167820580190069,0
1351.1799460142793,33123.82411433437,5.167680606897098,0
1351.2007789716317,33117.41256996591,5.166630358978594,0
1351.221611929229,33119.12683692159,5.167446200882465,0
1351.2424448870247,33113.8264558596,5.166792380305829,0
1351.3466096767158,33132.81130872919,5.168671833344445,0
1351.3674426342723,33120.82210703213,5.167531302774366,0
1351.4091085483549,33128.025700274455,5.167743869712622,0
1351.4299415047185,33125.528595463584,5.167873404755787,0
1351.450774460529,33133.36928776557,5.168409263883835,0
1351.471607415711,33117.924427779355,5.167580238899538,0
1351.4924403702,33125.67625597221,5.16796708197073,0
1351.5132733239382,33127.43198980084,5.167719802569463,0
1351.534106276873,33135.869912016075,5.168898972332938,0
1351.554939228963,33132.01751767473,5.168139190342952,0
1351.575772180176,33126.95990457115,5.168034297213149,0
1351.6174380798948,33120.61051012423,5.167744182571769,0
1351.6382710283883,33123.380569063855,5.167343881822814,0
1351.7216028136156,33112.59121456002,5.1675562474096735,0
1351.7424357579152,33118.77955930572,5.167559611127076,0
1351.8049345868867,33113.57841486488,5.16688187516935,0
1351.8466004703182,33124.97977031204,5.167677305254386,0
1351.8674334115067,33129.53232813873,5.168619445065283,0
1351.8882663524535,33109.64312600081,5.166964240855644,0
1351.9090992932415,33134.55484434873,5.1692425490853875,0
1351.9299322339502,33114.84824661958,5.167155733117573,0
1351.9507651746565,33124.817112028584,5.168368587178631,0
1351.9715981154304,33116.26715294441,5.167604995866448,0
1351.9924310563397,33119.68946566648,5.167843027813037,0
1352.0340969387887,33119.11318732697,5.167802267355683,0
1352.05492988042,33127.54364819627,5.16874169316714,0
1352.0757628223685,33118.14131155417,5.167711098693352,0
1352.0965957646538,33119.74631932305,5.1677736503583445,0
1352.1174287072884,33116.919014602354,5.168021754701601,0
1352.1382616502713,33125.137185196145,5.168266354135248,0
1352.1590945935918,33117.53606728079,5.1681639994142685,0
1352.2215934253154,33100.71094085952,5.167057176093665,0
1352.2424263696719,33113.25848615433,5.1685892671112255,0
1352.263259314162,33116.456273217824,5.168346414296793,0
1352.2840922587213,33101.85641609798,5.167730915597199,0
1352.3049252032768,33117.56789254275,5.168551061150608,0
1352.3257581477515,33101.95145157006,5.1677367748694545,0
1352.3465910920663,33115.73766557067,5.168877950546873,0
1352.3674240361395,33103.812987965575,5.16761397241836,0
1352.388256979888,33106.05731271354,5.168325492615777,0
1352.4090899232303,33116.995045774296,5.168326803016392,0
1352.4299228660852,33107.02819640863,5.168672322008995,0
1352.450755808379,33118.98392144122,5.169192977210065,0
1352.4715887500392,33114.43640339192,5.168636583066407,0
1352.4924216909997,33121.16586824699,5.169633146091472,0
1352.513254631203,33108.40275801616,5.168693298503942,0
1352.5340875706013,33111.887161921324,5.16919216140981,0
1352.5549205091527,33103.707975635756,5.168496130217437,0
1352.5757534468253,33118.44329107261,5.169586585816519,0
1352.5965863835986,33113.06281380215,5.1692709071610174,0
1352.617419319463,33109.39781976624,5.169052882528332,0
1352.6382522544209,33108.135146263856,5.169002184545078,0
1352.6590851884825,33106.38488270493,5.168639558317942,0
1352.6799181216693,33102.62814331299,5.168855984534123,0
1352.7215839855626,33116.350153647785,5.169737822308428,0
1352.7424169163617,33116.10637028269,5.169958053248994,0
1352.7632498464716,33117.72910638088,5.170234667831139,0
1352.784082775958,33107.617250954616,5.169586409986047,0
1352.8049157048963,33118.76911311613,5.170241952347375,0
1352.8257486333612,33114.9362185838,5.170612544152303,0
1352.8465815614327,33105.05359312146,5.169144987469002,0
1352.8674144891918,33101.995543879486,5.169621388602322,0
1352.8882474167233,33109.715262433274,5.169663496662157,0
1352.9090803441093,33109.97436028997,5.169915600273149,0
1352.929913271429,33110.628631938074,5.170229840302359,0
1352.9507461987566,33119.36796182665,5.170758146953062,0
1352.9715791261644,33111.90072149628,5.1703225395955945,0
1352.9924120537187,33108.45435924456,5.169933396900511,0
1353.0132449814744,33103.37891479453,5.170045660228182,0
1353.0340779094827,33095.92252369551,5.169178978866986,0
1353.054910837782,33107.4072629038,5.17082943100312,0
1353.075743766404,33104.65551634489,5.170019602095098,0
1353.096576695369,33116.726494545306,5.170962420275738,0
1353.1174096246857,33095.70510339611,5.169695638470232,0
1353.1382425543509,33103.46324878065,5.170272398776151,0
1353.1590754843555,33109.56206926656,5.170952471197726,0
